[
   {
      "command" : "require",
      "group" : "0",
      "name" : "product",
      "value" : "arom-tiny"
   },
   {
      "command" : "require",
      "group" : "0",
      "name" : "version",
      "value" : "0.6"
   },
   {
      "command" : "require",
      "group" : "0",
      "name" : "version-bootrom",
      "value" : "2022.11.06"
   },
   {
      "command" : "progress",
      "group" : "0",
      "name" : "weight",
      "value" : 6860800
   },
   {
      "command" : "call",
      "group" : "0",
      "image" : "preboot.img"
   },
   {
      "command" : "call",
      "group" : "0",
      "image" : "flasher.img"
   },
   {
      "command" : "partition",
      "group" : "0",
      "image" : "flashinfo.bin"
   },
   {
      "command" : "partition",
      "group" : "0",
      "image" : "partition.bin"
   },
   {
      "command" : "flash",
      "group" : "1",
      "image" : "bootloader.ubi",
      "partition" : "bootloader",
      "weight" : 163840
   },
   {
      "command" : "flash",
      "group" : "2",
      "image" : "partition.bin",
      "partition" : "ptable",
      "weight" : 8192
   },
   {
      "command" : "flash",
      "group" : "2",
      "image" : "ReliableData.bin",
      "partition" : "rd",
      "weight" : 16384
   },
   {
      "command" : "flash",
      "group" : "2",
      "image" : "cp.bin",
      "partition" : "cp",
      "weight" : 5087232
   },
   {
      "command" : "flash",
      "group" : "2",
      "image" : "dsp.bin",
      "partition" : "dsp",
      "weight" : 155648
   },
   {
      "command" : "flash",
      "group" : "2",
      "image" : "rf.bin",
      "partition" : "rfbin",
      "weight" : 8192
   },
   {
      "command" : "flash",
      "group" : "2",
      "image" : "updater.bin",
      "partition" : "updater",
      "weight" : 245760
   },
   {
      "command" : "erase",
      "group" : "3",
      "partition" : "fota_param",
      "weight" : 12288
   },
   {
      "command" : "flash",
      "group" : "6",
      "image" : "user_app.bin",
      "partition" : "user_app",
      "weight" : 614400
   },
   {
      "command" : "erase",
      "group" : "4",
      "partition" : "nvm",
      "weight" : 524288
   },
   {
      "command" : "erase",
      "group" : "5",
      "partition" : "factory",
      "productionOnly" : true,
      "weight" : 24576
   }
]
